review_id,customer_id,product_id,rating,review_text,review_date
1,75,8,2,Aliquam quis turpis eget elit sodales scelerisque. Mauris sit amet eros. Suspendisse accumsan tortor quis turpis. Sed ante.,2024-05-19
2,6,163,1,Curabitur convallis. Duis consequat dui nec nisi volutpat eleifend.,2023-12-16
3,20,183,1,"Fusce congue, diam id ornare imperdiet, sapien urna pretium nisl, ut volutpat sapien arcu sed augue. Aliquam erat volutpat. In congue. Etiam justo. Etiam pretium iaculis justo.",2021-12-25
4,39,104,3,Praesent id massa id nisl venenatis lacinia. Aenean sit amet justo.,2022-01-16
5,71,46,3,"Aliquam sit amet diam in magna bibendum imperdiet. Nullam orci pede, venenatis non, sodales sed, tincidunt eu, felis.",2022-04-19
6,23,16,2,Praesent blandit. Nam nulla.,2023-02-08
7,17,23,5,Donec posuere metus vitae ipsum. Aliquam non mauris. Morbi non lectus.,2021-09-06
8,44,72,5,"Morbi vel lectus in quam fringilla rhoncus. Mauris enim leo, rhoncus sed, vestibulum sit amet, cursus id, turpis. Integer aliquet, massa id lobortis convallis, tortor risus dapibus augue, vel accumsan tellus nisi eu orci.",2021-10-09
9,31,112,2,Suspendisse accumsan tortor quis turpis. Sed ante. Vivamus tortor. Duis mattis egestas metus. Aenean fermentum.,2022-09-11
10,17,131,4,"In sagittis dui vel nisl. Duis ac nibh. Fusce lacus purus, aliquet at, feugiat non, pretium quis, lectus.",2023-06-03
11,87,163,1,Proin interdum mauris non ligula pellentesque ultrices. Phasellus id sapien in sapien iaculis congue.,2022-08-28
12,19,117,3,Proin eu mi.,2022-01-16
13,71,53,3,Quisque id justo sit amet sapien dignissim vestibulum.,2024-07-07
14,70,118,1,Nullam sit amet turpis elementum ligula vehicula consequat. Morbi a ipsum.,2022-02-25
15,16,157,2,"Duis at velit eu est congue elementum. In hac habitasse platea dictumst. Morbi vestibulum, velit id pretium iaculis, diam erat fermentum justo, nec condimentum neque sapien placerat ante.",2021-09-04
16,81,132,1,Ut at dolor quis odio consequat varius. Integer ac leo.,2022-04-23
17,77,70,1,Nullam porttitor lacus at turpis. Donec posuere metus vitae ipsum. Aliquam non mauris.,2021-05-27
18,24,83,1,In congue.,2022-03-04
19,62,133,1,"Nulla tellus. In sagittis dui vel nisl. Duis ac nibh. Fusce lacus purus, aliquet at, feugiat non, pretium quis, lectus. Suspendisse potenti.",2024-10-11
20,33,146,4,Vivamus vel nulla eget eros elementum pellentesque.,2023-09-06
21,92,154,4,Curabitur in libero ut massa volutpat convallis.,2022-04-20
22,6,169,1,Nulla mollis molestie lorem. Quisque ut erat.,2023-10-19
23,55,11,5,"Morbi vestibulum, velit id pretium iaculis, diam erat fermentum justo, nec condimentum neque sapien placerat ante.",2023-10-12
24,48,159,3,"Proin risus. Praesent lectus. Vestibulum quam sapien, varius ut, blandit non, interdum in, ante.",2023-09-06
25,74,49,5,Nullam molestie nibh in lectus. Pellentesque at nulla.,2021-10-22
26,49,87,1,"Vivamus metus arcu, adipiscing molestie, hendrerit at, vulputate vitae, nisl.",2023-04-21
27,72,186,1,Donec semper sapien a libero. Nam dui.,2021-07-28
28,35,66,4,"Nulla neque libero, convallis eget, eleifend luctus, ultricies eu, nibh. Quisque id justo sit amet sapien dignissim vestibulum.",2022-06-01
29,88,164,3,Praesent blandit. Nam nulla.,2021-03-06
30,25,77,2,Vestibulum rutrum rutrum neque. Aenean auctor gravida sem. Praesent id massa id nisl venenatis lacinia. Aenean sit amet justo. Morbi ut odio.,2024-11-03
31,76,15,4,"Donec diam neque, vestibulum eget, vulputate ut, ultrices vel, augue.",2023-06-23
32,92,168,1,"Nam ultrices, libero non mattis pulvinar, nulla pede ullamcorper augue, a suscipit nulla elit ac nulla. Sed vel enim sit amet nunc viverra dapibus. Nulla suscipit ligula in lacus. Curabitur at ipsum ac tellus semper interdum. Mauris ullamcorper purus sit amet nulla.",2022-12-20
33,22,110,2,"Quisque erat eros, viverra eget, congue eget, semper rutrum, nulla. Nunc purus.",2024-04-08
34,82,155,1,"Lorem ipsum dolor sit amet, consectetuer adipiscing elit. Proin interdum mauris non ligula pellentesque ultrices.",2023-12-27
35,55,172,5,Duis consequat dui nec nisi volutpat eleifend.,2024-12-04
36,78,181,3,Suspendisse potenti.,2024-06-07
37,95,102,5,Nullam varius. Nulla facilisi.,2023-11-27
38,29,97,4,Sed vel enim sit amet nunc viverra dapibus. Nulla suscipit ligula in lacus.,2022-06-18
39,42,68,3,"Vivamus metus arcu, adipiscing molestie, hendrerit at, vulputate vitae, nisl. Aenean lectus. Pellentesque eget nunc. Donec quis orci eget orci vehicula condimentum. Curabitur in libero ut massa volutpat convallis.",2024-12-05
40,66,16,4,Sed ante. Vivamus tortor.,2024-08-10
41,34,15,2,"Nunc nisl. Duis bibendum, felis sed interdum venenatis, turpis enim blandit mi, in porttitor pede justo eu massa. Donec dapibus. Duis at velit eu est congue elementum.",2024-04-12
42,47,4,3,Sed accumsan felis. Ut at dolor quis odio consequat varius. Integer ac leo.,2022-08-15
43,79,171,1,Fusce consequat.,2023-12-20
44,66,170,3,"Vivamus metus arcu, adipiscing molestie, hendrerit at, vulputate vitae, nisl.",2023-10-01
45,13,172,5,"Quisque erat eros, viverra eget, congue eget, semper rutrum, nulla. Nunc purus. Phasellus in felis. Donec semper sapien a libero.",2023-12-10
46,21,186,3,"Pellentesque at nulla. Suspendisse potenti. Cras in purus eu magna vulputate luctus. Cum sociis natoque penatibus et magnis dis parturient montes, nascetur ridiculus mus.",2024-07-04
47,29,60,3,Duis mattis egestas metus.,2023-01-23
48,11,105,2,"Vestibulum ante ipsum primis in faucibus orci luctus et ultrices posuere cubilia Curae; Donec pharetra, magna vestibulum aliquet ultrices, erat tortor sollicitudin mi, sit amet lobortis sapien sapien non mi.",2024-12-18
49,77,68,3,Nulla ut erat id mauris vulputate elementum.,2023-02-24
50,15,41,2,"Donec vitae nisi. Nam ultrices, libero non mattis pulvinar, nulla pede ullamcorper augue, a suscipit nulla elit ac nulla.",2023-02-28
51,49,95,5,"Quisque ut erat. Curabitur gravida nisi at nibh. In hac habitasse platea dictumst. Aliquam augue quam, sollicitudin vitae, consectetuer eget, rutrum at, lorem. Integer tincidunt ante vel ipsum.",2024-06-15
52,10,32,4,"Integer non velit. Donec diam neque, vestibulum eget, vulputate ut, ultrices vel, augue. Vestibulum ante ipsum primis in faucibus orci luctus et ultrices posuere cubilia Curae; Donec pharetra, magna vestibulum aliquet ultrices, erat tortor sollicitudin mi, sit amet lobortis sapien sapien non mi. Integer ac neque.",2021-09-10
53,73,126,3,Vestibulum rutrum rutrum neque.,2024-11-10
54,90,48,5,"Aenean fermentum. Donec ut mauris eget massa tempor convallis. Nulla neque libero, convallis eget, eleifend luctus, ultricies eu, nibh. Quisque id justo sit amet sapien dignissim vestibulum. Vestibulum ante ipsum primis in faucibus orci luctus et ultrices posuere cubilia Curae; Nulla dapibus dolor vel est.",2023-10-27
55,29,122,4,Nullam varius.,2024-04-05
56,89,55,2,"Maecenas leo odio, condimentum id, luctus nec, molestie sed, justo. Pellentesque viverra pede ac diam. Cras pellentesque volutpat dui. Maecenas tristique, est et tempus semper, est quam pharetra magna, ac consequat metus sapien ut nunc. Vestibulum ante ipsum primis in faucibus orci luctus et ultrices posuere cubilia Curae; Mauris viverra diam vitae quam.",2021-05-07
57,22,158,1,Mauris lacinia sapien quis libero. Nullam sit amet turpis elementum ligula vehicula consequat. Morbi a ipsum.,2024-06-07
58,42,125,1,"Quisque erat eros, viverra eget, congue eget, semper rutrum, nulla. Nunc purus.",2024-05-20
59,10,105,5,"Morbi non lectus. Aliquam sit amet diam in magna bibendum imperdiet. Nullam orci pede, venenatis non, sodales sed, tincidunt eu, felis.",2022-01-10
60,80,30,4,"Donec dapibus. Duis at velit eu est congue elementum. In hac habitasse platea dictumst. Morbi vestibulum, velit id pretium iaculis, diam erat fermentum justo, nec condimentum neque sapien placerat ante. Nulla justo.",2024-08-29
61,79,127,1,Nulla justo. Aliquam quis turpis eget elit sodales scelerisque. Mauris sit amet eros. Suspendisse accumsan tortor quis turpis. Sed ante.,2021-05-24
62,15,126,4,Fusce consequat. Nulla nisl.,2021-03-05
63,70,39,3,Vestibulum rutrum rutrum neque. Aenean auctor gravida sem. Praesent id massa id nisl venenatis lacinia. Aenean sit amet justo.,2023-11-10
64,93,25,2,"Nulla nisl. Nunc nisl. Duis bibendum, felis sed interdum venenatis, turpis enim blandit mi, in porttitor pede justo eu massa. Donec dapibus.",2024-08-05
65,72,6,4,"Integer non velit. Donec diam neque, vestibulum eget, vulputate ut, ultrices vel, augue. Vestibulum ante ipsum primis in faucibus orci luctus et ultrices posuere cubilia Curae; Donec pharetra, magna vestibulum aliquet ultrices, erat tortor sollicitudin mi, sit amet lobortis sapien sapien non mi. Integer ac neque. Duis bibendum.",2021-04-12
66,73,182,2,"Morbi odio odio, elementum eu, interdum eu, tincidunt in, leo. Maecenas pulvinar lobortis est. Phasellus sit amet erat.",2022-05-14
67,77,77,3,Sed vel enim sit amet nunc viverra dapibus. Nulla suscipit ligula in lacus.,2022-12-27
68,95,127,2,"Nam dui. Proin leo odio, porttitor id, consequat in, consequat ut, nulla. Sed accumsan felis. Ut at dolor quis odio consequat varius.",2023-03-22
69,59,199,1,"Cras mi pede, malesuada in, imperdiet et, commodo vulputate, justo. In blandit ultrices enim. Lorem ipsum dolor sit amet, consectetuer adipiscing elit. Proin interdum mauris non ligula pellentesque ultrices.",2023-05-05
70,67,107,2,"Praesent lectus. Vestibulum quam sapien, varius ut, blandit non, interdum in, ante. Vestibulum ante ipsum primis in faucibus orci luctus et ultrices posuere cubilia Curae; Duis faucibus accumsan odio. Curabitur convallis. Duis consequat dui nec nisi volutpat eleifend.",2023-05-27
71,50,192,3,Ut at dolor quis odio consequat varius. Integer ac leo. Pellentesque ultrices mattis odio. Donec vitae nisi.,2024-04-21
72,10,63,5,"Aenean fermentum. Donec ut mauris eget massa tempor convallis. Nulla neque libero, convallis eget, eleifend luctus, ultricies eu, nibh. Quisque id justo sit amet sapien dignissim vestibulum. Vestibulum ante ipsum primis in faucibus orci luctus et ultrices posuere cubilia Curae; Nulla dapibus dolor vel est.",2022-05-08
73,75,42,1,"Vestibulum ante ipsum primis in faucibus orci luctus et ultrices posuere cubilia Curae; Nulla dapibus dolor vel est. Donec odio justo, sollicitudin ut, suscipit a, feugiat et, eros. Vestibulum ac est lacinia nisi venenatis tristique. Fusce congue, diam id ornare imperdiet, sapien urna pretium nisl, ut volutpat sapien arcu sed augue. Aliquam erat volutpat.",2024-08-29
74,25,175,2,"Nam nulla. Integer pede justo, lacinia eget, tincidunt eget, tempus vel, pede. Morbi porttitor lorem id ligula. Suspendisse ornare consequat lectus. In est risus, auctor sed, tristique in, tempus sit amet, sem.",2021-01-13
75,51,191,5,"Maecenas tristique, est et tempus semper, est quam pharetra magna, ac consequat metus sapien ut nunc. Vestibulum ante ipsum primis in faucibus orci luctus et ultrices posuere cubilia Curae; Mauris viverra diam vitae quam. Suspendisse potenti. Nullam porttitor lacus at turpis. Donec posuere metus vitae ipsum.",2021-07-25
76,29,139,4,Aenean lectus. Pellentesque eget nunc.,2024-03-23
77,61,4,4,Vestibulum sed magna at nunc commodo placerat. Praesent blandit.,2022-11-08
78,20,170,5,"Cum sociis natoque penatibus et magnis dis parturient montes, nascetur ridiculus mus. Vivamus vestibulum sagittis sapien. Cum sociis natoque penatibus et magnis dis parturient montes, nascetur ridiculus mus. Etiam vel augue. Vestibulum rutrum rutrum neque.",2024-09-19
79,77,151,3,"Quisque porta volutpat erat. Quisque erat eros, viverra eget, congue eget, semper rutrum, nulla.",2022-03-09
80,14,88,4,Sed vel enim sit amet nunc viverra dapibus. Nulla suscipit ligula in lacus. Curabitur at ipsum ac tellus semper interdum. Mauris ullamcorper purus sit amet nulla.,2021-04-22
81,72,200,4,"Sed sagittis. Nam congue, risus semper porta volutpat, quam pede lobortis ligula, sit amet eleifend pede libero quis orci. Nullam molestie nibh in lectus.",2022-12-26
82,65,22,4,Integer ac neque.,2023-10-12
83,23,186,2,Curabitur at ipsum ac tellus semper interdum.,2024-04-25
84,63,41,2,Morbi a ipsum. Integer a nibh.,2021-03-05
85,74,177,1,Praesent id massa id nisl venenatis lacinia.,2021-09-09
86,8,159,3,"Morbi non quam nec dui luctus rutrum. Nulla tellus. In sagittis dui vel nisl. Duis ac nibh. Fusce lacus purus, aliquet at, feugiat non, pretium quis, lectus.",2023-10-04
87,81,185,1,"Duis at velit eu est congue elementum. In hac habitasse platea dictumst. Morbi vestibulum, velit id pretium iaculis, diam erat fermentum justo, nec condimentum neque sapien placerat ante. Nulla justo.",2023-03-20
88,41,122,3,"Curabitur gravida nisi at nibh. In hac habitasse platea dictumst. Aliquam augue quam, sollicitudin vitae, consectetuer eget, rutrum at, lorem. Integer tincidunt ante vel ipsum.",2022-05-20
89,24,27,4,"Sed sagittis. Nam congue, risus semper porta volutpat, quam pede lobortis ligula, sit amet eleifend pede libero quis orci. Nullam molestie nibh in lectus. Pellentesque at nulla. Suspendisse potenti.",2021-01-13
90,48,6,3,Nam tristique tortor eu pede.,2021-04-11
91,72,19,2,"Praesent blandit. Nam nulla. Integer pede justo, lacinia eget, tincidunt eget, tempus vel, pede. Morbi porttitor lorem id ligula. Suspendisse ornare consequat lectus.",2021-11-28
92,99,18,1,Donec ut mauris eget massa tempor convallis.,2023-11-30
93,7,51,1,"Proin at turpis a pede posuere nonummy. Integer non velit. Donec diam neque, vestibulum eget, vulputate ut, ultrices vel, augue. Vestibulum ante ipsum primis in faucibus orci luctus et ultrices posuere cubilia Curae; Donec pharetra, magna vestibulum aliquet ultrices, erat tortor sollicitudin mi, sit amet lobortis sapien sapien non mi.",2024-02-24
94,27,143,3,Quisque ut erat. Curabitur gravida nisi at nibh. In hac habitasse platea dictumst.,2022-10-24
95,72,133,2,Praesent blandit lacinia erat.,2024-09-17
96,95,5,5,"Vestibulum ante ipsum primis in faucibus orci luctus et ultrices posuere cubilia Curae; Donec pharetra, magna vestibulum aliquet ultrices, erat tortor sollicitudin mi, sit amet lobortis sapien sapien non mi. Integer ac neque. Duis bibendum. Morbi non quam nec dui luctus rutrum.",2022-07-05
97,19,74,2,"Aliquam non mauris. Morbi non lectus. Aliquam sit amet diam in magna bibendum imperdiet. Nullam orci pede, venenatis non, sodales sed, tincidunt eu, felis. Fusce posuere felis sed lacus.",2021-01-30
98,92,70,5,Sed ante.,2021-01-13
99,36,190,5,"Fusce posuere felis sed lacus. Morbi sem mauris, laoreet ut, rhoncus aliquet, pulvinar sed, nisl. Nunc rhoncus dui vel sem.",2021-03-31
100,68,118,3,"Morbi sem mauris, laoreet ut, rhoncus aliquet, pulvinar sed, nisl. Nunc rhoncus dui vel sem.",2022-03-03
101,38,182,4,"In hac habitasse platea dictumst. Aliquam augue quam, sollicitudin vitae, consectetuer eget, rutrum at, lorem.",2023-08-05
102,70,166,2,Integer ac neque.,2022-10-27
103,22,84,4,Pellentesque at nulla. Suspendisse potenti. Cras in purus eu magna vulputate luctus.,2022-02-02
104,38,4,4,Nulla suscipit ligula in lacus. Curabitur at ipsum ac tellus semper interdum.,2021-04-01
105,27,90,1,"In est risus, auctor sed, tristique in, tempus sit amet, sem. Fusce consequat. Nulla nisl. Nunc nisl.",2023-02-21
106,19,49,1,"Vivamus vestibulum sagittis sapien. Cum sociis natoque penatibus et magnis dis parturient montes, nascetur ridiculus mus. Etiam vel augue. Vestibulum rutrum rutrum neque. Aenean auctor gravida sem.",2022-08-03
107,46,65,1,Suspendisse potenti.,2021-05-23
108,82,145,4,"Vivamus in felis eu sapien cursus vestibulum. Proin eu mi. Nulla ac enim. In tempor, turpis nec euismod scelerisque, quam turpis adipiscing lorem, vitae mattis nibh ligula nec sem.",2022-08-01
109,72,64,2,"Fusce posuere felis sed lacus. Morbi sem mauris, laoreet ut, rhoncus aliquet, pulvinar sed, nisl. Nunc rhoncus dui vel sem. Sed sagittis.",2024-07-07
110,70,183,3,"Vestibulum ante ipsum primis in faucibus orci luctus et ultrices posuere cubilia Curae; Nulla dapibus dolor vel est. Donec odio justo, sollicitudin ut, suscipit a, feugiat et, eros. Vestibulum ac est lacinia nisi venenatis tristique. Fusce congue, diam id ornare imperdiet, sapien urna pretium nisl, ut volutpat sapien arcu sed augue. Aliquam erat volutpat.",2024-04-22
111,36,36,1,Suspendisse potenti. In eleifend quam a odio.,2021-06-23
112,56,52,3,"Maecenas rhoncus aliquam lacus. Morbi quis tortor id nulla ultrices aliquet. Maecenas leo odio, condimentum id, luctus nec, molestie sed, justo.",2021-11-29
113,47,64,2,"Cum sociis natoque penatibus et magnis dis parturient montes, nascetur ridiculus mus. Etiam vel augue. Vestibulum rutrum rutrum neque. Aenean auctor gravida sem. Praesent id massa id nisl venenatis lacinia.",2024-12-11
114,59,80,2,Maecenas ut massa quis augue luctus tincidunt. Nulla mollis molestie lorem. Quisque ut erat. Curabitur gravida nisi at nibh.,2021-06-16
115,23,131,3,"Morbi vel lectus in quam fringilla rhoncus. Mauris enim leo, rhoncus sed, vestibulum sit amet, cursus id, turpis.",2024-11-30
116,66,75,3,"Mauris ullamcorper purus sit amet nulla. Quisque arcu libero, rutrum ac, lobortis vel, dapibus at, diam. Nam tristique tortor eu pede.",2023-04-29
117,30,45,1,"Vivamus vestibulum sagittis sapien. Cum sociis natoque penatibus et magnis dis parturient montes, nascetur ridiculus mus. Etiam vel augue. Vestibulum rutrum rutrum neque.",2024-10-27
118,99,129,1,"Morbi vestibulum, velit id pretium iaculis, diam erat fermentum justo, nec condimentum neque sapien placerat ante. Nulla justo.",2021-02-01
119,60,73,1,"Nam congue, risus semper porta volutpat, quam pede lobortis ligula, sit amet eleifend pede libero quis orci. Nullam molestie nibh in lectus. Pellentesque at nulla. Suspendisse potenti. Cras in purus eu magna vulputate luctus.",2021-03-19
120,31,42,4,"Integer non velit. Donec diam neque, vestibulum eget, vulputate ut, ultrices vel, augue. Vestibulum ante ipsum primis in faucibus orci luctus et ultrices posuere cubilia Curae; Donec pharetra, magna vestibulum aliquet ultrices, erat tortor sollicitudin mi, sit amet lobortis sapien sapien non mi. Integer ac neque. Duis bibendum.",2024-09-24
121,4,70,4,Integer ac neque. Duis bibendum. Morbi non quam nec dui luctus rutrum.,2021-01-24
122,42,44,1,"Duis consequat dui nec nisi volutpat eleifend. Donec ut dolor. Morbi vel lectus in quam fringilla rhoncus. Mauris enim leo, rhoncus sed, vestibulum sit amet, cursus id, turpis. Integer aliquet, massa id lobortis convallis, tortor risus dapibus augue, vel accumsan tellus nisi eu orci.",2023-05-07
123,42,150,5,Nunc purus.,2024-05-14
124,81,134,3,Suspendisse accumsan tortor quis turpis. Sed ante.,2021-07-01
125,37,156,5,"Aenean sit amet justo. Morbi ut odio. Cras mi pede, malesuada in, imperdiet et, commodo vulputate, justo. In blandit ultrices enim. Lorem ipsum dolor sit amet, consectetuer adipiscing elit.",2021-01-06
126,33,187,5,Nunc rhoncus dui vel sem.,2021-04-16
127,22,77,4,Mauris ullamcorper purus sit amet nulla.,2022-06-02
128,13,46,1,In hac habitasse platea dictumst. Maecenas ut massa quis augue luctus tincidunt. Nulla mollis molestie lorem.,2023-09-11
129,93,26,3,Ut at dolor quis odio consequat varius.,2023-06-23
130,65,91,5,"Aenean sit amet justo. Morbi ut odio. Cras mi pede, malesuada in, imperdiet et, commodo vulputate, justo.",2021-07-17
131,84,29,1,Duis at velit eu est congue elementum.,2024-10-23
132,94,39,4,Maecenas pulvinar lobortis est.,2024-10-25
133,59,136,1,Nulla ut erat id mauris vulputate elementum. Nullam varius. Nulla facilisi.,2024-09-06
134,78,167,5,Aenean lectus.,2024-10-21
135,94,61,4,"Morbi vestibulum, velit id pretium iaculis, diam erat fermentum justo, nec condimentum neque sapien placerat ante. Nulla justo. Aliquam quis turpis eget elit sodales scelerisque.",2024-03-06
136,2,145,3,Fusce consequat.,2022-09-03
137,24,125,2,Phasellus sit amet erat. Nulla tempus. Vivamus in felis eu sapien cursus vestibulum.,2022-08-06
138,72,17,2,"In est risus, auctor sed, tristique in, tempus sit amet, sem. Fusce consequat.",2021-02-14
139,79,51,2,"In est risus, auctor sed, tristique in, tempus sit amet, sem.",2024-03-07
140,43,56,4,"Vestibulum quam sapien, varius ut, blandit non, interdum in, ante. Vestibulum ante ipsum primis in faucibus orci luctus et ultrices posuere cubilia Curae; Duis faucibus accumsan odio. Curabitur convallis.",2024-12-02
141,39,62,2,Aliquam non mauris. Morbi non lectus. Aliquam sit amet diam in magna bibendum imperdiet.,2023-07-28
142,59,115,1,Ut tellus. Nulla ut erat id mauris vulputate elementum.,2024-03-02
143,72,14,2,"Donec diam neque, vestibulum eget, vulputate ut, ultrices vel, augue. Vestibulum ante ipsum primis in faucibus orci luctus et ultrices posuere cubilia Curae; Donec pharetra, magna vestibulum aliquet ultrices, erat tortor sollicitudin mi, sit amet lobortis sapien sapien non mi. Integer ac neque.",2021-02-11
144,2,157,4,Etiam vel augue. Vestibulum rutrum rutrum neque. Aenean auctor gravida sem.,2023-12-12
145,91,88,2,In eleifend quam a odio. In hac habitasse platea dictumst.,2023-05-07
146,9,4,3,Etiam faucibus cursus urna. Ut tellus. Nulla ut erat id mauris vulputate elementum. Nullam varius. Nulla facilisi.,2024-08-11
147,43,135,1,Aenean auctor gravida sem. Praesent id massa id nisl venenatis lacinia.,2022-01-20
148,62,54,2,"Proin leo odio, porttitor id, consequat in, consequat ut, nulla. Sed accumsan felis.",2023-01-06
149,82,106,5,In eleifend quam a odio. In hac habitasse platea dictumst. Maecenas ut massa quis augue luctus tincidunt. Nulla mollis molestie lorem.,2023-02-04
150,75,142,4,"Vivamus vestibulum sagittis sapien. Cum sociis natoque penatibus et magnis dis parturient montes, nascetur ridiculus mus.",2023-10-30
151,76,101,4,In hac habitasse platea dictumst. Maecenas ut massa quis augue luctus tincidunt. Nulla mollis molestie lorem. Quisque ut erat.,2024-12-19
152,99,120,2,"Nulla suscipit ligula in lacus. Curabitur at ipsum ac tellus semper interdum. Mauris ullamcorper purus sit amet nulla. Quisque arcu libero, rutrum ac, lobortis vel, dapibus at, diam. Nam tristique tortor eu pede.",2022-10-29
153,28,5,1,"Curabitur at ipsum ac tellus semper interdum. Mauris ullamcorper purus sit amet nulla. Quisque arcu libero, rutrum ac, lobortis vel, dapibus at, diam. Nam tristique tortor eu pede.",2022-12-06
154,90,56,4,"Pellentesque viverra pede ac diam. Cras pellentesque volutpat dui. Maecenas tristique, est et tempus semper, est quam pharetra magna, ac consequat metus sapien ut nunc. Vestibulum ante ipsum primis in faucibus orci luctus et ultrices posuere cubilia Curae; Mauris viverra diam vitae quam. Suspendisse potenti.",2022-11-25
155,82,167,4,Phasellus in felis. Donec semper sapien a libero. Nam dui.,2024-10-04
156,66,118,5,Nulla nisl. Nunc nisl.,2023-05-31
157,3,90,2,"Vestibulum ante ipsum primis in faucibus orci luctus et ultrices posuere cubilia Curae; Donec pharetra, magna vestibulum aliquet ultrices, erat tortor sollicitudin mi, sit amet lobortis sapien sapien non mi. Integer ac neque. Duis bibendum.",2024-05-23
158,55,194,5,"Praesent id massa id nisl venenatis lacinia. Aenean sit amet justo. Morbi ut odio. Cras mi pede, malesuada in, imperdiet et, commodo vulputate, justo. In blandit ultrices enim.",2023-07-25
159,64,182,1,Aliquam erat volutpat. In congue. Etiam justo. Etiam pretium iaculis justo. In hac habitasse platea dictumst.,2023-06-27
160,78,199,4,Curabitur convallis. Duis consequat dui nec nisi volutpat eleifend. Donec ut dolor.,2024-07-07
161,96,133,1,"Morbi vestibulum, velit id pretium iaculis, diam erat fermentum justo, nec condimentum neque sapien placerat ante. Nulla justo. Aliquam quis turpis eget elit sodales scelerisque. Mauris sit amet eros.",2024-04-30
162,39,144,1,"Quisque arcu libero, rutrum ac, lobortis vel, dapibus at, diam.",2023-06-18
163,31,7,1,Etiam pretium iaculis justo. In hac habitasse platea dictumst. Etiam faucibus cursus urna.,2021-04-18
164,37,52,4,"Curabitur gravida nisi at nibh. In hac habitasse platea dictumst. Aliquam augue quam, sollicitudin vitae, consectetuer eget, rutrum at, lorem. Integer tincidunt ante vel ipsum. Praesent blandit lacinia erat.",2021-11-28
165,13,135,4,"Donec diam neque, vestibulum eget, vulputate ut, ultrices vel, augue.",2024-01-29
166,48,116,2,Ut tellus. Nulla ut erat id mauris vulputate elementum. Nullam varius. Nulla facilisi. Cras non velit nec nisi vulputate nonummy.,2022-06-17
167,72,102,2,"Maecenas leo odio, condimentum id, luctus nec, molestie sed, justo. Pellentesque viverra pede ac diam. Cras pellentesque volutpat dui.",2024-05-21
168,51,180,3,"Quisque erat eros, viverra eget, congue eget, semper rutrum, nulla. Nunc purus. Phasellus in felis. Donec semper sapien a libero. Nam dui.",2023-04-19
169,44,99,5,Sed accumsan felis. Ut at dolor quis odio consequat varius. Integer ac leo. Pellentesque ultrices mattis odio. Donec vitae nisi.,2022-08-31
170,10,157,2,Vestibulum sed magna at nunc commodo placerat. Praesent blandit.,2021-02-16
171,50,149,2,In hac habitasse platea dictumst. Maecenas ut massa quis augue luctus tincidunt. Nulla mollis molestie lorem.,2021-03-15
172,61,118,1,"Cum sociis natoque penatibus et magnis dis parturient montes, nascetur ridiculus mus. Vivamus vestibulum sagittis sapien. Cum sociis natoque penatibus et magnis dis parturient montes, nascetur ridiculus mus. Etiam vel augue. Vestibulum rutrum rutrum neque.",2023-09-15
173,85,176,1,Etiam pretium iaculis justo. In hac habitasse platea dictumst.,2024-04-29
174,38,83,4,Etiam pretium iaculis justo. In hac habitasse platea dictumst. Etiam faucibus cursus urna. Ut tellus. Nulla ut erat id mauris vulputate elementum.,2021-06-25
175,97,126,3,Donec dapibus.,2023-11-04
176,24,29,2,Nullam porttitor lacus at turpis.,2021-11-23
177,18,168,4,Duis at velit eu est congue elementum.,2021-11-18
178,45,39,3,"Nulla tempus. Vivamus in felis eu sapien cursus vestibulum. Proin eu mi. Nulla ac enim. In tempor, turpis nec euismod scelerisque, quam turpis adipiscing lorem, vitae mattis nibh ligula nec sem.",2024-07-03
179,62,20,1,"In blandit ultrices enim. Lorem ipsum dolor sit amet, consectetuer adipiscing elit.",2023-07-08
180,18,12,2,"Nulla mollis molestie lorem. Quisque ut erat. Curabitur gravida nisi at nibh. In hac habitasse platea dictumst. Aliquam augue quam, sollicitudin vitae, consectetuer eget, rutrum at, lorem.",2021-04-04
181,3,74,4,Aenean sit amet justo. Morbi ut odio.,2023-04-27
182,43,170,3,"Integer aliquet, massa id lobortis convallis, tortor risus dapibus augue, vel accumsan tellus nisi eu orci. Mauris lacinia sapien quis libero.",2021-01-11
183,38,98,4,Etiam vel augue. Vestibulum rutrum rutrum neque. Aenean auctor gravida sem. Praesent id massa id nisl venenatis lacinia.,2024-10-10
184,86,143,4,Etiam faucibus cursus urna. Ut tellus. Nulla ut erat id mauris vulputate elementum. Nullam varius. Nulla facilisi.,2022-03-08
185,6,154,3,In eleifend quam a odio. In hac habitasse platea dictumst.,2022-12-21
186,22,142,1,"Donec semper sapien a libero. Nam dui. Proin leo odio, porttitor id, consequat in, consequat ut, nulla. Sed accumsan felis.",2022-08-11
187,63,97,3,Nulla tempus.,2023-11-03
188,15,18,1,"Lorem ipsum dolor sit amet, consectetuer adipiscing elit. Proin risus. Praesent lectus.",2023-01-21
189,87,130,1,"Nulla neque libero, convallis eget, eleifend luctus, ultricies eu, nibh. Quisque id justo sit amet sapien dignissim vestibulum. Vestibulum ante ipsum primis in faucibus orci luctus et ultrices posuere cubilia Curae; Nulla dapibus dolor vel est. Donec odio justo, sollicitudin ut, suscipit a, feugiat et, eros. Vestibulum ac est lacinia nisi venenatis tristique.",2021-10-27
190,2,154,3,In hac habitasse platea dictumst. Maecenas ut massa quis augue luctus tincidunt. Nulla mollis molestie lorem. Quisque ut erat.,2024-10-16
191,36,118,1,"In sagittis dui vel nisl. Duis ac nibh. Fusce lacus purus, aliquet at, feugiat non, pretium quis, lectus. Suspendisse potenti.",2023-10-18
192,91,9,4,"Morbi vel lectus in quam fringilla rhoncus. Mauris enim leo, rhoncus sed, vestibulum sit amet, cursus id, turpis. Integer aliquet, massa id lobortis convallis, tortor risus dapibus augue, vel accumsan tellus nisi eu orci. Mauris lacinia sapien quis libero.",2024-10-19
193,80,89,3,Donec dapibus. Duis at velit eu est congue elementum.,2021-08-24
194,28,116,1,Integer tincidunt ante vel ipsum. Praesent blandit lacinia erat. Vestibulum sed magna at nunc commodo placerat. Praesent blandit.,2021-06-13
195,36,45,5,"Donec semper sapien a libero. Nam dui. Proin leo odio, porttitor id, consequat in, consequat ut, nulla. Sed accumsan felis. Ut at dolor quis odio consequat varius.",2021-11-11
196,22,78,2,"Integer non velit. Donec diam neque, vestibulum eget, vulputate ut, ultrices vel, augue. Vestibulum ante ipsum primis in faucibus orci luctus et ultrices posuere cubilia Curae; Donec pharetra, magna vestibulum aliquet ultrices, erat tortor sollicitudin mi, sit amet lobortis sapien sapien non mi. Integer ac neque.",2022-06-23
197,14,45,5,Vivamus in felis eu sapien cursus vestibulum. Proin eu mi. Nulla ac enim.,2024-05-15
198,30,1,3,"Donec odio justo, sollicitudin ut, suscipit a, feugiat et, eros. Vestibulum ac est lacinia nisi venenatis tristique.",2021-02-21
199,74,112,4,Morbi quis tortor id nulla ultrices aliquet.,2024-11-23
200,56,100,2,"Integer non velit. Donec diam neque, vestibulum eget, vulputate ut, ultrices vel, augue. Vestibulum ante ipsum primis in faucibus orci luctus et ultrices posuere cubilia Curae; Donec pharetra, magna vestibulum aliquet ultrices, erat tortor sollicitudin mi, sit amet lobortis sapien sapien non mi.",2022-03-17
201,4,42,3,Morbi porttitor lorem id ligula.,2024-10-19
202,1,22,1,Aliquam quis turpis eget elit sodales scelerisque. Mauris sit amet eros. Suspendisse accumsan tortor quis turpis. Sed ante.,2021-09-01
203,50,177,3,Cras non velit nec nisi vulputate nonummy.,2024-02-25
204,98,77,2,Etiam pretium iaculis justo. In hac habitasse platea dictumst. Etiam faucibus cursus urna. Ut tellus.,2022-02-25
205,5,9,2,"Lorem ipsum dolor sit amet, consectetuer adipiscing elit.",2021-05-25
206,93,133,4,Morbi non quam nec dui luctus rutrum.,2023-07-01
207,55,80,2,"Sed sagittis. Nam congue, risus semper porta volutpat, quam pede lobortis ligula, sit amet eleifend pede libero quis orci.",2023-12-19
208,80,188,5,"Fusce congue, diam id ornare imperdiet, sapien urna pretium nisl, ut volutpat sapien arcu sed augue. Aliquam erat volutpat. In congue.",2021-02-11
209,64,176,2,Ut tellus. Nulla ut erat id mauris vulputate elementum. Nullam varius. Nulla facilisi. Cras non velit nec nisi vulputate nonummy.,2022-06-21
210,14,81,3,Sed ante. Vivamus tortor. Duis mattis egestas metus.,2024-07-02
211,47,80,3,"Nulla nisl. Nunc nisl. Duis bibendum, felis sed interdum venenatis, turpis enim blandit mi, in porttitor pede justo eu massa.",2023-07-27
212,42,90,4,Pellentesque eget nunc. Donec quis orci eget orci vehicula condimentum.,2023-03-30
213,43,18,3,Pellentesque at nulla. Suspendisse potenti.,2024-05-02
214,65,102,2,Morbi a ipsum.,2021-02-01
215,6,22,5,Integer tincidunt ante vel ipsum. Praesent blandit lacinia erat. Vestibulum sed magna at nunc commodo placerat. Praesent blandit.,2022-11-07
216,89,77,1,"Duis at velit eu est congue elementum. In hac habitasse platea dictumst. Morbi vestibulum, velit id pretium iaculis, diam erat fermentum justo, nec condimentum neque sapien placerat ante.",2021-12-24
217,78,148,4,Vivamus tortor.,2023-07-11
218,83,158,5,"Praesent blandit. Nam nulla. Integer pede justo, lacinia eget, tincidunt eget, tempus vel, pede. Morbi porttitor lorem id ligula.",2021-09-26
219,16,178,3,"Proin interdum mauris non ligula pellentesque ultrices. Phasellus id sapien in sapien iaculis congue. Vivamus metus arcu, adipiscing molestie, hendrerit at, vulputate vitae, nisl.",2023-10-17
220,68,95,2,"Donec quis orci eget orci vehicula condimentum. Curabitur in libero ut massa volutpat convallis. Morbi odio odio, elementum eu, interdum eu, tincidunt in, leo.",2021-12-19
221,38,81,3,Aenean auctor gravida sem. Praesent id massa id nisl venenatis lacinia. Aenean sit amet justo.,2024-04-15
222,87,43,3,Etiam vel augue. Vestibulum rutrum rutrum neque. Aenean auctor gravida sem.,2023-05-20
223,90,109,4,"Quisque arcu libero, rutrum ac, lobortis vel, dapibus at, diam.",2024-01-04
224,36,44,1,"Donec dapibus. Duis at velit eu est congue elementum. In hac habitasse platea dictumst. Morbi vestibulum, velit id pretium iaculis, diam erat fermentum justo, nec condimentum neque sapien placerat ante. Nulla justo.",2021-12-09
225,43,79,5,"Proin eu mi. Nulla ac enim. In tempor, turpis nec euismod scelerisque, quam turpis adipiscing lorem, vitae mattis nibh ligula nec sem.",2022-01-04
226,2,34,4,"Morbi quis tortor id nulla ultrices aliquet. Maecenas leo odio, condimentum id, luctus nec, molestie sed, justo. Pellentesque viverra pede ac diam.",2021-08-30
227,35,183,4,Ut at dolor quis odio consequat varius. Integer ac leo. Pellentesque ultrices mattis odio.,2023-03-06
228,58,112,2,"Nam nulla. Integer pede justo, lacinia eget, tincidunt eget, tempus vel, pede. Morbi porttitor lorem id ligula. Suspendisse ornare consequat lectus. In est risus, auctor sed, tristique in, tempus sit amet, sem.",2023-08-08
229,60,50,3,Mauris lacinia sapien quis libero. Nullam sit amet turpis elementum ligula vehicula consequat.,2023-09-18
230,51,137,3,"Vestibulum ante ipsum primis in faucibus orci luctus et ultrices posuere cubilia Curae; Donec pharetra, magna vestibulum aliquet ultrices, erat tortor sollicitudin mi, sit amet lobortis sapien sapien non mi. Integer ac neque. Duis bibendum. Morbi non quam nec dui luctus rutrum. Nulla tellus.",2021-06-20
231,91,62,4,"Lorem ipsum dolor sit amet, consectetuer adipiscing elit. Proin risus.",2024-11-26
232,69,107,2,"Donec odio justo, sollicitudin ut, suscipit a, feugiat et, eros. Vestibulum ac est lacinia nisi venenatis tristique. Fusce congue, diam id ornare imperdiet, sapien urna pretium nisl, ut volutpat sapien arcu sed augue. Aliquam erat volutpat. In congue.",2021-07-30
233,1,16,3,Etiam justo. Etiam pretium iaculis justo. In hac habitasse platea dictumst.,2022-07-31
234,45,126,3,Nunc purus. Phasellus in felis. Donec semper sapien a libero.,2023-09-14
235,96,151,1,Integer ac neque.,2024-05-16
236,72,76,3,"Cras pellentesque volutpat dui. Maecenas tristique, est et tempus semper, est quam pharetra magna, ac consequat metus sapien ut nunc.",2023-03-14
237,31,55,5,"Morbi vestibulum, velit id pretium iaculis, diam erat fermentum justo, nec condimentum neque sapien placerat ante. Nulla justo.",2022-07-21
238,74,194,2,"Donec odio justo, sollicitudin ut, suscipit a, feugiat et, eros. Vestibulum ac est lacinia nisi venenatis tristique. Fusce congue, diam id ornare imperdiet, sapien urna pretium nisl, ut volutpat sapien arcu sed augue.",2023-08-30
239,90,92,2,Aenean fermentum.,2022-03-07
240,23,29,2,Vivamus vel nulla eget eros elementum pellentesque. Quisque porta volutpat erat.,2023-08-26
241,5,4,5,"Nullam orci pede, venenatis non, sodales sed, tincidunt eu, felis. Fusce posuere felis sed lacus. Morbi sem mauris, laoreet ut, rhoncus aliquet, pulvinar sed, nisl. Nunc rhoncus dui vel sem.",2024-10-16
242,29,63,2,"Nulla ac enim. In tempor, turpis nec euismod scelerisque, quam turpis adipiscing lorem, vitae mattis nibh ligula nec sem. Duis aliquam convallis nunc. Proin at turpis a pede posuere nonummy. Integer non velit.",2022-12-01
243,95,107,4,Aenean sit amet justo.,2021-12-21
244,59,58,5,"Duis bibendum, felis sed interdum venenatis, turpis enim blandit mi, in porttitor pede justo eu massa.",2021-08-28
245,48,82,4,Morbi non lectus. Aliquam sit amet diam in magna bibendum imperdiet.,2023-11-12
246,35,142,5,"In blandit ultrices enim. Lorem ipsum dolor sit amet, consectetuer adipiscing elit. Proin interdum mauris non ligula pellentesque ultrices. Phasellus id sapien in sapien iaculis congue. Vivamus metus arcu, adipiscing molestie, hendrerit at, vulputate vitae, nisl.",2023-10-25
247,86,152,1,Sed accumsan felis.,2024-03-05
248,19,85,3,"Nam ultrices, libero non mattis pulvinar, nulla pede ullamcorper augue, a suscipit nulla elit ac nulla. Sed vel enim sit amet nunc viverra dapibus. Nulla suscipit ligula in lacus. Curabitur at ipsum ac tellus semper interdum.",2021-11-09
249,90,88,4,Pellentesque viverra pede ac diam. Cras pellentesque volutpat dui.,2024-08-09
250,87,38,3,"Sed vel enim sit amet nunc viverra dapibus. Nulla suscipit ligula in lacus. Curabitur at ipsum ac tellus semper interdum. Mauris ullamcorper purus sit amet nulla. Quisque arcu libero, rutrum ac, lobortis vel, dapibus at, diam.",2023-12-31
251,30,180,2,"Cum sociis natoque penatibus et magnis dis parturient montes, nascetur ridiculus mus. Vivamus vestibulum sagittis sapien. Cum sociis natoque penatibus et magnis dis parturient montes, nascetur ridiculus mus. Etiam vel augue.",2022-01-12
252,41,62,4,Suspendisse potenti.,2024-02-28
253,4,144,3,Curabitur at ipsum ac tellus semper interdum.,2024-05-26
254,100,56,3,Cras non velit nec nisi vulputate nonummy. Maecenas tincidunt lacus at velit. Vivamus vel nulla eget eros elementum pellentesque.,2021-09-09
255,89,85,3,Nullam varius. Nulla facilisi.,2024-02-04
256,46,118,2,Mauris lacinia sapien quis libero. Nullam sit amet turpis elementum ligula vehicula consequat. Morbi a ipsum.,2022-04-26
257,71,43,1,Quisque id justo sit amet sapien dignissim vestibulum.,2024-07-20
258,5,103,2,Morbi non quam nec dui luctus rutrum.,2023-02-06
259,73,149,2,Nulla suscipit ligula in lacus. Curabitur at ipsum ac tellus semper interdum.,2022-10-25
260,76,61,2,"In hac habitasse platea dictumst. Morbi vestibulum, velit id pretium iaculis, diam erat fermentum justo, nec condimentum neque sapien placerat ante. Nulla justo.",2024-04-07
261,57,52,5,"Cras in purus eu magna vulputate luctus. Cum sociis natoque penatibus et magnis dis parturient montes, nascetur ridiculus mus. Vivamus vestibulum sagittis sapien. Cum sociis natoque penatibus et magnis dis parturient montes, nascetur ridiculus mus.",2023-04-21
262,40,176,2,Aliquam quis turpis eget elit sodales scelerisque. Mauris sit amet eros. Suspendisse accumsan tortor quis turpis. Sed ante.,2023-10-06
263,82,68,1,"In hac habitasse platea dictumst. Aliquam augue quam, sollicitudin vitae, consectetuer eget, rutrum at, lorem.",2024-10-16
264,30,66,5,Vestibulum ante ipsum primis in faucibus orci luctus et ultrices posuere cubilia Curae; Duis faucibus accumsan odio.,2022-11-20
265,15,193,4,"Suspendisse potenti. Cras in purus eu magna vulputate luctus. Cum sociis natoque penatibus et magnis dis parturient montes, nascetur ridiculus mus.",2023-03-05
266,29,149,2,"Vivamus vel nulla eget eros elementum pellentesque. Quisque porta volutpat erat. Quisque erat eros, viverra eget, congue eget, semper rutrum, nulla.",2024-03-19
267,77,50,4,"Maecenas tincidunt lacus at velit. Vivamus vel nulla eget eros elementum pellentesque. Quisque porta volutpat erat. Quisque erat eros, viverra eget, congue eget, semper rutrum, nulla.",2021-04-03
268,63,110,2,"Maecenas tincidunt lacus at velit. Vivamus vel nulla eget eros elementum pellentesque. Quisque porta volutpat erat. Quisque erat eros, viverra eget, congue eget, semper rutrum, nulla. Nunc purus.",2021-05-04
269,30,2,4,Nulla tempus. Vivamus in felis eu sapien cursus vestibulum. Proin eu mi. Nulla ac enim.,2021-01-03
270,60,164,1,"Vestibulum sed magna at nunc commodo placerat. Praesent blandit. Nam nulla. Integer pede justo, lacinia eget, tincidunt eget, tempus vel, pede.",2021-08-11
271,54,107,3,Praesent id massa id nisl venenatis lacinia.,2021-02-19
272,7,112,4,Donec dapibus. Duis at velit eu est congue elementum.,2021-12-13
273,10,50,3,"Proin interdum mauris non ligula pellentesque ultrices. Phasellus id sapien in sapien iaculis congue. Vivamus metus arcu, adipiscing molestie, hendrerit at, vulputate vitae, nisl. Aenean lectus. Pellentesque eget nunc.",2023-04-06
274,76,163,4,"In est risus, auctor sed, tristique in, tempus sit amet, sem. Fusce consequat. Nulla nisl. Nunc nisl. Duis bibendum, felis sed interdum venenatis, turpis enim blandit mi, in porttitor pede justo eu massa.",2024-02-10
275,57,134,4,Nulla facilisi.,2023-06-25
276,68,149,5,Vestibulum rutrum rutrum neque. Aenean auctor gravida sem. Praesent id massa id nisl venenatis lacinia.,2021-08-28
277,53,177,5,Nunc rhoncus dui vel sem. Sed sagittis.,2022-08-02
278,26,133,5,Mauris ullamcorper purus sit amet nulla.,2022-04-25
279,90,77,4,Mauris sit amet eros. Suspendisse accumsan tortor quis turpis. Sed ante.,2022-09-15
280,50,152,3,Vestibulum ante ipsum primis in faucibus orci luctus et ultrices posuere cubilia Curae; Mauris viverra diam vitae quam. Suspendisse potenti. Nullam porttitor lacus at turpis. Donec posuere metus vitae ipsum. Aliquam non mauris.,2021-05-14
281,36,76,1,"Donec vitae nisi. Nam ultrices, libero non mattis pulvinar, nulla pede ullamcorper augue, a suscipit nulla elit ac nulla.",2024-10-13
282,64,103,2,Nulla justo. Aliquam quis turpis eget elit sodales scelerisque. Mauris sit amet eros. Suspendisse accumsan tortor quis turpis. Sed ante.,2022-08-07
283,86,145,5,"Quisque arcu libero, rutrum ac, lobortis vel, dapibus at, diam.",2023-03-16
284,88,159,4,Pellentesque eget nunc. Donec quis orci eget orci vehicula condimentum.,2024-04-11
285,18,19,5,"Vivamus vel nulla eget eros elementum pellentesque. Quisque porta volutpat erat. Quisque erat eros, viverra eget, congue eget, semper rutrum, nulla. Nunc purus. Phasellus in felis.",2022-04-21
286,32,24,5,Proin risus.,2024-03-01
287,83,86,3,"Vestibulum ante ipsum primis in faucibus orci luctus et ultrices posuere cubilia Curae; Donec pharetra, magna vestibulum aliquet ultrices, erat tortor sollicitudin mi, sit amet lobortis sapien sapien non mi.",2021-03-25
288,20,166,4,Suspendisse accumsan tortor quis turpis. Sed ante.,2021-05-04
289,66,88,3,"Proin interdum mauris non ligula pellentesque ultrices. Phasellus id sapien in sapien iaculis congue. Vivamus metus arcu, adipiscing molestie, hendrerit at, vulputate vitae, nisl. Aenean lectus.",2024-03-06
290,8,1,1,Morbi vel lectus in quam fringilla rhoncus.,2022-10-21
291,92,8,4,Maecenas tincidunt lacus at velit. Vivamus vel nulla eget eros elementum pellentesque. Quisque porta volutpat erat.,2021-06-22
292,53,28,3,"Cras mi pede, malesuada in, imperdiet et, commodo vulputate, justo. In blandit ultrices enim.",2024-11-01
293,67,138,1,Mauris sit amet eros. Suspendisse accumsan tortor quis turpis.,2021-11-13
294,33,151,1,"Nulla neque libero, convallis eget, eleifend luctus, ultricies eu, nibh. Quisque id justo sit amet sapien dignissim vestibulum. Vestibulum ante ipsum primis in faucibus orci luctus et ultrices posuere cubilia Curae; Nulla dapibus dolor vel est. Donec odio justo, sollicitudin ut, suscipit a, feugiat et, eros. Vestibulum ac est lacinia nisi venenatis tristique.",2021-02-10
295,95,125,2,Suspendisse potenti. Nullam porttitor lacus at turpis. Donec posuere metus vitae ipsum. Aliquam non mauris.,2024-04-11
296,46,5,1,"In sagittis dui vel nisl. Duis ac nibh. Fusce lacus purus, aliquet at, feugiat non, pretium quis, lectus.",2024-09-10
297,20,145,3,"Nam dui. Proin leo odio, porttitor id, consequat in, consequat ut, nulla. Sed accumsan felis.",2023-08-25
298,61,183,3,Maecenas rhoncus aliquam lacus. Morbi quis tortor id nulla ultrices aliquet.,2022-02-07
299,76,149,3,Morbi a ipsum. Integer a nibh.,2021-12-20
300,28,185,4,Nulla justo. Aliquam quis turpis eget elit sodales scelerisque. Mauris sit amet eros. Suspendisse accumsan tortor quis turpis.,2022-09-30
